support,pattern
0.48721733391825606,
0.48457373730597963,
0.13673291357180994,
0.4842286402458734,
0.20031653294958207,
0.13297906239043727,
0.2511045444988325,
0.1311236901904133,
0.13480139631006924,
0.22258211627360636,
0.06187255696201794,
0.06148072716526714,
0.061437911755352,
0.03133689798195029,
0.024912077463096476,
0.02653482196713159,
0.02633526492613581,
0.02651848898089175,
0.22244046120662436,
0.2212278219616441,
0.09893805966681064,
0.09090192287809945,
0.09033085110252433,
0.09034632616183581,
0.046127995283927116,
0.039216600698291006,
0.03896534141938636,
0.03919610757581367,
0.060173133215348416,
0.05981532912432224,
0.059742016840199114,
0.024241356665427746,
0.030456697328057804,
0.025806247757350683,
0.02562778276895204,
0.025773873156280633,
0.11355818670053654,
0.11414240256414611,
0.11342161444592254,
0.04952175996489816,
0.04919676753205648,
0.04947557759647174,
0.0592979991865234,
0.05895204419948886,
0.023856924465021453,
0.05895770975467612,
0.030050784579841536,
0.025433357102225863,
0.02525837238344225,
0.02543193261977878,
0.06094782504435361,
0.06058433921083964,
0.06060557694914159,
0.024550582667548313,
0.03087645021823152,
0.02612175443207884,
0.025965644105719065,
0.026125914568316342,
