support,pattern
0.2132911662730143,
0.14288413724005328,
0.21489780962479915,
0.04861596163283893,
0.21308145699007605,
0.14287044693973897,
0.07362455719338806,
0.1428242657847962,
0.047202461059473295,
0.14278931963389535,
0.09489720092717384,
0.14287534673977262,
0.14289246366235717,
0.046495055127741915,
0.14286401999938644,
0.04789433117149443,
0.030469136696515426,
0.030710036336496143,
0.030457151612952923,
0.030435874177344214,
0.030712637331668194,
0.03046889386501596,
0.010519379613005914,
0.010514096678828657,
0.01052812694324221,
0.01050398409593981,
0.010531391677846134,
0.010512429235865662,
0.010515148948659674,
0.030704273135575496,
0.030455300697301443,
0.030423214561838753,
0.03046206220549767,
0.03069017811609542,
0.030413965379836896,
0.013551260393963888,
0.013551708283174015,
0.013559171304590915,
0.013562867739638333,
0.013544979152511051,
0.013562641096905498,
0.013564572956390134,
0.030496657599788164,
0.03044406569325951,
0.030689363281508324,
0.03069846136835496,
0.0304628446625515,
0.03047152184146573,
0.030467593367429935,
0.03044434090229224,
0.030692860055100624,
